,0,1,2,3,4,5,6,7,8,9,10,11
0,0,0,0,0,0,107,1396,175,67,25,1397,124
1,0,0,0,0,0,0,0,0,5,1,85,162
2,0,0,0,0,0,0,0,2,1,418,45,249
3,0,0,0,0,0,0,0,151,262,1632,30,1633
4,0,0,0,0,0,0,0,0,0,0,447,10
5,0,0,0,0,0,0,0,0,230,88,430,20
6,0,0,0,0,907,26,908,121,553,231,110,226
7,0,0,0,0,0,0,0,0,0,131,6,28
8,361,27,530,531,857,532,533,534,67,102,532,10
9,29,59,177,17,278,424,431,254,151,195,422,694
10,0,0,0,0,0,0,0,0,0,2,358,359
11,0,0,0,0,0,0,0,0,0,0,396,397
12,0,0,0,0,635,147,9,19,224,223,2,50
13,0,0,0,0,0,0,0,253,1658,23,77,117
14,0,0,0,0,0,0,0,0,0,0,681,10
15,0,0,0,0,0,0,0,0,0,13,92,3
16,0,0,0,0,0,0,0,0,0,19,42,7
17,0,0,0,150,392,462,1417,3,11,604,457,45
18,0,0,0,0,0,0,284,42,1583,40,1,81
19,0,0,0,0,0,0,0,0,0,0,154,126
20,0,0,0,0,0,0,0,0,356,71,1284,15
21,0,0,0,0,0,0,0,0,0,0,79,2
22,0,0,0,0,0,0,0,0,0,0,219,28
23,0,0,0,0,0,0,0,0,273,390,428,149
24,0,0,0,0,0,0,15,120,53,175,15,70
25,0,0,0,0,0,0,0,55,42,7,252,123
26,0,0,0,2,22,140,76,127,272,1206,1207,56
27,0,0,0,0,0,0,0,29,17,555,59,120
28,0,0,0,0,0,0,1593,41,1594,1595,205,1596
29,0,0,0,0,0,0,0,0,3,185,56,154
30,0,0,47,13,1013,1014,595,50,69,1015,69,21
31,0,0,0,0,0,0,0,0,0,0,0,168
32,0,0,1749,1750,97,1751,378,602,730,57,344,314
33,0,0,0,0,0,0,0,0,25,164,144,3
34,0,0,0,0,0,0,0,0,0,170,896,101
35,0,0,437,44,59,189,112,6,96,50,318,1160
36,0,0,0,0,0,0,0,0,0,182,161,336
37,0,0,0,0,0,0,53,255,288,1,116,1748
38,0,0,0,0,0,0,0,0,93,235,994,585
39,480,273,839,69,9,525,840,841,842,526,218,217
40,737,26,196,455,34,582,346,505,640,188,31,2
41,0,0,0,0,0,0,0,0,0,1454,420,10
42,0,0,0,0,119,372,47,3,733,78,24,60
43,0,0,0,0,0,0,0,258,1646,142,1647,1648
44,0,0,0,0,93,17,37,6,2,165,806,51
45,0,0,0,0,0,0,0,0,5,1,414,197
46,0,1132,74,56,9,1133,646,316,317,621,83,27
47,0,0,0,0,0,0,0,0,837,524,208,87
48,0,0,0,0,0,0,0,0,310,40,1423,40
49,0,0,0,0,0,0,0,0,0,0,1414,75
50,0,0,0,0,0,0,0,2,4,1280,118,2
51,0,0,0,0,0,118,23,14,1035,1036,608,346
52,16,69,425,1270,1271,1272,429,1273,398,21,1274,22
53,0,0,0,0,0,0,297,617,35,7,618,309
54,0,0,0,0,0,0,0,3,56,154,190,2
55,0,0,0,0,0,0,0,0,145,352,429,241
56,0,0,0,0,0,0,334,1,181,64,404,214
57,0,0,0,0,0,0,0,0,0,29,1,162
58,0,0,0,0,109,1,17,152,1340,1341,1342,318
59,0,37,1,1555,176,46,31,70,1556,13,1557,3
60,0,0,0,0,0,0,0,0,0,0,38,28
61,0,0,0,0,0,0,0,0,0,0,27,3
62,0,0,0,0,472,328,14,47,84,473,756,154
63,0,0,0,0,0,1499,321,1500,350,597,376,276
64,0,0,0,0,0,0,0,0,0,1285,1286,67
65,0,0,0,18,148,1686,15,25,33,743,27,18
66,0,0,0,0,0,0,42,30,108,158,1307,476
67,0,0,0,0,0,0,0,0,0,0,0,137
68,0,0,0,0,0,0,1487,97,1,144,4,56
69,0,0,169,70,9,77,452,1707,1708,1709,308,440
70,0,0,1437,1438,1439,1440,1441,335,1442,155,173,4
71,0,0,0,0,0,6,2,6,5,120,17,452
72,0,0,0,0,0,0,0,396,647,167,3,21
73,0,0,0,0,0,0,1094,1095,4,507,72,7
74,449,1,1609,1610,407,311,1611,139,5,1,85,12
75,0,0,0,0,0,0,41,186,213,48,1498,693
76,0,0,0,0,0,0,0,0,50,1,136,1019
77,0,0,0,0,0,0,0,0,0,4,218,387
78,0,0,0,0,0,0,0,0,0,0,258,329
79,1231,284,128,32,674,102,32,25,2,202,1232,71
80,0,0,0,0,0,0,0,0,0,66,10,7
81,0,0,0,0,0,0,0,0,0,59,1604,587
82,0,0,0,0,0,0,0,1074,422,234,1,142
83,0,0,0,0,0,0,0,0,0,2,1,106
84,0,0,0,0,0,0,0,0,0,18,656,319
85,0,0,0,0,0,0,0,0,0,0,109,17
86,0,0,0,0,0,0,0,126,750,61,257,178
87,0,0,0,469,470,201,746,747,748,749,327,93
88,0,1113,1114,1115,43,3,1116,1117,232,88,221,23
89,0,0,0,0,0,0,0,0,439,409,221,291
90,0,0,0,0,0,0,0,0,0,0,0,605
91,0,0,0,0,0,0,131,1,35,64,2,1161
92,0,0,0,0,0,29,6,2,375,294,111,75
93,0,0,0,0,0,0,0,0,0,0,181,5
94,0,0,0,0,0,0,43,60,1238,16,345,163
95,0,0,0,0,0,0,1374,148,530,36,57,18
96,0,0,0,0,0,0,0,0,0,0,54,21
97,0,0,0,0,0,0,0,0,0,151,147,695
98,0,0,0,0,0,0,0,1682,464,1683,1,627
99,0,0,0,0,0,0,0,49,264,785,1,335
100,0,0,0,0,0,0,0,0,0,1550,543,22
101,0,0,0,0,0,0,0,0,1645,308,1,4
102,0,0,0,1758,317,26,67,1759,1760,2,1,87
103,0,0,0,462,1447,1448,1449,569,1450,1451,1452,718
104,0,0,0,0,0,0,0,0,0,0,0,286
105,0,0,0,773,259,53,6,482,774,180,17,29
106,0,0,0,0,0,0,0,0,0,272,706,67
107,0,0,0,0,0,0,0,1534,699,279,3,1535
108,0,0,0,0,0,0,782,64,15,1,1,490
109,0,0,0,0,52,256,435,67,724,1,243,98
110,448,26,49,8,690,221,23,52,427,64,2,5
111,0,0,0,0,0,0,0,40,636,637,239,1110
112,0,0,0,0,0,0,0,0,0,0,659,35
113,0,0,0,0,0,0,0,0,7,119,8,123
114,0,0,0,0,0,0,0,0,0,20,140,161
115,0,0,0,0,0,0,0,0,2,985,74,986
116,0,0,0,0,0,0,0,0,0,642,1381,207
117,0,0,0,0,0,0,0,63,5,1,24,245
118,0,0,0,0,0,0,0,0,244,17,4,307
119,0,0,0,0,381,199,194,264,424,251,261,48
120,0,0,0,0,0,0,0,103,253,15,1297,1298
121,0,0,0,0,0,0,0,0,0,0,404,4
122,451,150,53,119,1659,737,260,130,9,36,738,556
123,0,0,0,0,0,0,0,73,365,232,3,456
124,0,0,0,0,0,0,0,0,0,558,389,16
125,0,0,0,0,0,0,145,94,38,5,2,206
126,0,0,0,0,586,71,186,463,1503,463,130,726
127,2,1,775,156,776,1,260,130,9,1,333,483
128,0,0,39,9,10,7,25,537,1068,5,19,228
129,0,0,0,0,0,0,0,1,762,477,763,764
130,0,438,1235,13,39,443,10,1236,677,658,1237,611
131,0,0,0,0,0,0,0,65,54,266,26,192
132,0,0,0,0,0,0,0,0,0,0,3,4
133,0,0,0,0,0,0,0,0,0,0,1127,1128
134,1143,91,277,80,1144,585,80,258,92,3,651,172
135,0,0,0,0,0,0,0,0,0,1362,171,264
136,0,0,0,0,0,0,0,0,0,0,106,191
137,0,0,353,513,3,13,206,164,828,514,829,830
138,0,0,0,0,0,0,0,0,0,0,0,292
139,0,0,0,0,0,337,793,794,58,114,494,795
140,0,0,0,0,0,0,0,0,42,7,252,123
141,0,0,0,0,0,0,0,1,38,743,212,510
142,0,0,0,0,451,3,6,409,211,374,1316,73
143,0,0,108,9,752,52,179,46,753,8,202,754
144,0,0,0,0,0,0,39,213,9,808,187,809
145,0,0,0,0,0,0,0,0,0,0,95,298
146,0,0,0,0,0,54,4,44,392,21,1623,731
147,1,94,85,285,188,114,37,2,1,99,85,552
148,0,0,0,0,0,0,0,91,1172,281,152,652
149,0,0,0,0,0,0,0,742,198,8,3,432
150,0,0,0,0,0,49,8,42,55,359,662,439
151,0,0,0,0,0,0,0,0,0,26,7,125
152,0,0,0,0,0,0,0,0,0,0,166,149
153,0,0,0,0,0,0,0,0,0,79,617,1421
154,0,0,0,0,0,0,0,0,2,1,323,12
155,0,0,0,0,0,0,0,0,57,546,1619,1620
156,0,0,0,0,0,0,0,0,6,2,81,5
157,0,0,0,0,355,226,652,152,49,23,77,28
158,0,0,0,0,1691,1,457,1692,220,233,1,1693
159,0,0,0,0,0,0,0,0,0,0,0,35
160,0,0,0,0,0,0,0,2,414,1687,47,4
161,0,0,0,0,0,0,0,0,0,4,65,199
162,0,0,0,0,0,0,0,1320,309,176,1321,1322
163,0,1250,1251,1252,1,1253,369,1254,680,1255,403,1256
164,0,0,0,0,0,184,435,1125,147,207,1126,121
165,0,0,0,0,138,1481,28,82,2,1482,17,5
166,0,1733,39,57,5,44,3,88,430,5,415,15
167,11,176,1356,1357,701,330,544,1358,97,151,454,18
168,0,0,0,0,0,0,0,0,10,559,4,2
169,0,0,0,0,0,0,0,0,0,186,44,402
170,0,0,0,3,234,18,12,3,30,291,923,172
171,0,0,0,0,0,0,1325,115,138,1,1326,35
172,0,0,0,0,0,0,0,0,0,0,19,10
173,0,0,0,0,0,0,236,40,13,115,236,40
174,0,0,0,0,0,0,0,0,52,451,313,1582
175,0,0,0,0,0,0,242,129,231,1,1387,601
176,0,0,0,185,497,498,133,210,18,133,186,2
177,0,0,0,0,0,0,716,47,42,7,252,123
178,0,0,0,0,0,0,0,0,0,10,3,399
179,0,0,0,0,0,0,0,648,88,1,24,1740
180,181,5,160,46,70,9,1,784,113,8,26,63
181,0,0,0,0,0,0,0,0,702,2,1,466
182,0,1,229,142,11,119,15,13,27,547,897,23
183,0,0,0,0,0,0,0,0,0,0,0,152
184,0,0,0,0,0,0,0,0,0,169,39,57
185,0,0,0,0,1,136,35,368,1726,176,1727,430
186,0,0,0,0,0,0,0,0,58,1,261,334
187,0,0,0,0,0,0,0,0,0,95,1104,1105
188,0,0,0,0,0,0,5,107,175,89,20,196
189,0,0,0,0,0,0,0,0,18,262,1,1460
190,0,0,1407,27,341,340,1408,1409,1410,1411,21,646
191,0,0,0,0,0,0,0,443,30,1275,2,170
192,0,0,0,0,820,72,7,348,8,1,84,21
193,0,0,0,0,0,0,0,0,0,1710,1711,5
194,0,0,0,0,0,0,0,0,0,0,0,9
195,0,0,0,0,0,0,421,23,171,25,101,268
196,0,0,0,0,0,0,0,0,299,3,607,130
197,0,0,0,0,0,0,0,90,280,12,1171,308
198,0,0,0,0,0,0,0,290,600,31,1737,688
199,0,0,0,0,0,72,614,54,124,327,1,35
200,0,0,0,0,181,509,100,844,46,36,161,845
201,0,0,0,0,0,0,0,0,4,2,6,89
202,0,0,0,0,0,0,5,1,106,2,1,190
203,0,0,0,0,0,0,0,0,0,1,428,466
204,0,0,361,1591,67,1592,182,124,11,186,67,197
205,0,0,0,0,0,0,0,0,0,19,390,38
206,0,0,0,0,0,16,83,630,631,58,83,14
207,0,0,4,71,1,160,1,278,202,858,535,99
208,0,87,881,3,882,542,61,227,8,38,883,281
209,0,0,0,0,0,37,206,66,1738,37,1739,295
210,0,0,0,0,0,0,65,625,1071,1072,26,1073
211,0,0,0,0,0,0,1141,99,7,570,88,8
212,0,0,0,0,0,0,0,0,0,0,14,10
213,2,61,686,683,396,411,22,100,687,176,138,3
214,0,0,0,0,0,0,503,50,136,831,515,60
215,0,0,0,0,0,0,311,64,36,36,1382,48
216,0,0,0,0,0,4,111,135,75,4,2,75
217,0,0,0,0,0,0,0,1728,193,66,30,319
218,0,0,0,0,0,0,0,0,59,6,8,819
219,0,0,0,0,0,0,0,0,0,0,1082,5
220,0,0,0,0,0,0,620,377,124,54,1,125
221,0,0,0,0,0,0,361,406,580,250,1,644
222,0,0,0,0,0,0,0,0,10,7,88,221
223,0,0,0,0,0,391,237,32,18,950,145,74
224,0,0,0,0,0,0,0,219,174,72,263,132
225,0,0,0,0,0,0,0,0,0,1689,700,1690
226,0,0,0,0,0,0,0,0,0,0,229,82
227,0,0,0,0,0,0,0,0,0,0,0,7
228,0,0,0,0,0,0,0,0,884,2,5,169
229,0,0,0,0,0,0,0,0,0,27,83,317
230,0,0,0,0,691,1,39,531,1684,1,256,460
231,0,0,290,171,189,557,919,121,78,65,1,384
232,0,0,0,0,0,310,660,30,468,1173,84,1174
233,0,0,0,0,0,0,0,0,0,166,200,3
234,0,0,0,0,0,0,0,0,29,1424,8,1425
235,0,0,0,0,0,0,0,0,0,1220,55,6
236,0,0,0,0,0,697,155,1581,7,113,669,143
237,0,0,244,1,416,8,34,26,130,199,145,591
238,0,0,0,0,0,0,5,1,370,109,1,17
239,0,0,0,0,0,0,0,18,12,118,2,23
240,0,0,0,0,0,0,479,549,39,899,900,82
241,0,0,0,0,0,0,0,0,49,8,1287,194
242,0,0,0,0,0,0,0,0,0,0,0,137
243,0,0,0,0,0,0,0,0,0,0,766,767
244,0,0,0,0,0,0,0,0,150,11,6,114
245,0,0,0,0,0,0,0,0,108,6,1,440
246,0,0,0,0,740,545,334,1,1745,703,1746,62
247,0,0,0,0,8,96,15,1,597,379,1,502
248,0,0,0,0,0,0,0,0,0,1,303,28
249,0,0,0,0,0,0,0,0,635,2,1,1101
250,0,0,0,104,1303,32,231,368,1304,63,302,242
251,0,0,0,0,0,0,0,105,19,99,7,92
252,0,63,209,16,313,112,8,682,59,17,278,51
253,0,0,0,0,0,0,0,0,36,178,153,87
254,0,0,0,0,0,0,0,0,5,1,511,38
255,0,0,0,0,0,149,1465,1466,327,74,275,1467
256,0,52,633,1090,201,148,57,131,50,1,84,4
257,0,0,0,0,0,222,73,365,330,366,865,4
258,0,0,0,0,0,0,0,1023,599,76,600,601
259,0,0,0,0,0,418,94,15,12,2,14,153
260,0,0,0,0,0,0,0,121,669,385,157,22
261,0,0,0,0,0,0,0,0,0,0,0,0
262,0,0,0,0,0,0,0,0,12,215,14,643
263,0,0,0,0,0,237,102,639,32,640,310,184
264,0,0,0,0,0,0,0,0,0,804,805,4
265,0,0,0,0,0,0,0,0,0,324,93,3
266,0,0,0,0,0,0,0,0,51,921,558,389
267,0,0,0,0,0,0,0,467,68,745,744,322
268,0,0,0,0,0,0,0,0,0,0,1193,79
269,0,0,0,0,0,16,70,9,146,1655,46,312
270,0,0,0,0,100,1,24,322,680,1694,419,282
271,0,0,0,0,0,0,0,104,910,911,32,912
272,0,0,0,0,0,0,141,276,374,84,136,427
273,0,0,0,0,0,0,0,0,668,55,10,7
274,0,0,0,0,0,0,0,0,0,1,56,1292
275,0,0,0,0,0,0,4,515,6,2,6,5
276,103,45,24,249,285,23,1146,164,1147,1148,653,1149
277,0,0,0,0,0,0,0,0,0,1,134,21
278,0,0,0,0,0,0,1051,48,1,24,87,126
279,0,0,0,0,0,0,72,152,129,6,458,220
280,0,0,0,0,0,158,526,1624,255,289,1625,465
281,0,0,0,0,0,0,0,230,120,3,60,551
282,0,0,0,0,0,0,0,0,0,290,1,4
283,0,0,0,0,0,0,0,0,0,438,402,714
284,0,0,0,0,450,393,628,199,225,1,323,12
285,0,0,0,0,0,0,0,0,362,1,16,20
286,0,0,0,0,0,0,0,0,234,423,711,15
287,0,0,0,0,87,731,4,56,1532,256,1533,100
288,0,0,0,0,0,0,0,0,0,0,2,21
289,0,0,0,0,0,0,0,0,0,0,1,35
290,0,0,0,0,0,0,0,0,0,5,115,40
291,1211,33,179,1212,4,2,38,2,1,1213,38,2
292,0,0,0,0,0,0,0,337,675,56,525,69
293,0,0,0,0,0,0,1642,111,608,16,554,3
294,0,0,0,0,1,1344,703,1345,20,495,53,68
295,0,0,0,0,0,0,0,0,1517,362,134,21
296,0,0,0,0,0,314,62,86,70,9,200,223
297,0,0,0,38,1741,90,175,1742,11,453,9,3
298,0,0,0,0,0,0,0,0,45,249,5,6
299,0,0,0,0,0,0,0,0,0,0,0,7
300,0,0,0,0,0,0,0,0,0,324,140,22
301,0,0,0,0,0,0,0,0,0,0,434,40
302,0,0,306,312,728,1510,708,1511,1512,45,4,2
303,1,20,34,300,564,94,483,176,596,663,17,664
304,49,8,11,103,187,143,42,917,918,386,218,387
305,0,0,0,0,1584,50,1585,58,1586,2,14,153
306,0,0,0,0,0,0,0,0,0,0,248,4
307,0,0,0,0,0,0,442,1239,13,1240,31,1241
308,0,0,0,0,0,0,18,493,1233,52,514,1234
309,0,0,0,0,0,0,0,0,0,0,0,7
310,0,0,0,0,0,0,0,0,3,1,20,1549
311,134,68,100,1,333,87,54,1,561,1,562,68
312,0,0,0,0,0,0,0,0,6,56,510,6
313,0,0,0,0,0,0,0,0,0,0,6,2
314,0,0,0,0,0,0,0,0,2,26,4,552
315,0,0,0,0,0,0,0,194,8,98,53,38
316,0,0,0,0,0,0,0,83,122,1712,1,54
317,0,0,0,0,0,0,0,0,0,0,93,440
318,0,0,0,0,0,0,0,0,0,105,13,10
319,0,0,0,0,0,6,2,45,311,64,312,46
320,0,0,0,0,0,0,0,3,49,178,1,21
321,0,0,0,0,0,27,178,843,274,356,275,138
322,0,0,0,0,0,0,0,0,0,6,5,2
323,39,4,2,23,70,832,517,137,518,42,269,519
324,0,0,0,0,0,0,0,0,0,4,98,117
325,0,0,0,0,0,0,0,0,0,0,1,1443
326,0,0,0,0,0,0,0,11,11,4,269,8
327,0,0,0,0,0,0,0,0,0,74,1,1654
328,0,0,0,0,0,0,0,0,0,953,390,954
329,0,0,0,0,0,0,90,441,157,3,7,1734
330,0,0,0,0,0,0,0,0,0,98,6,28
331,0,0,0,0,0,0,0,0,185,227,8,198
332,0,0,0,0,0,0,0,0,0,239,46,312
333,0,225,877,226,25,4,73,3,11,189,117,80
334,122,239,398,240,46,108,146,235,116,382,960,4
335,0,0,0,0,1,116,216,11,140,76,467,68
336,0,0,0,0,0,0,12,3,10,82,570,178
337,0,0,65,342,266,1,802,161,164,20,495,209
338,0,0,0,0,0,0,0,0,567,539,22,2
339,27,1565,2,20,1566,1567,1568,1569,94,454,1570,622
340,0,0,0,0,0,0,0,0,0,0,27,675
341,0,0,0,0,0,0,0,0,0,742,198,263
342,0,0,0,355,3,835,9,217,522,836,523,137
343,0,0,0,103,15,1615,6,5,1616,51,331,452
344,0,0,0,0,0,707,36,1,161,1368,1369,1370
345,0,0,0,0,165,28,46,3,171,409,1000,167
346,0,0,0,0,0,0,0,0,0,0,3,695
347,0,0,0,0,383,160,287,112,905,63,906,31
348,0,0,0,0,0,0,0,0,0,0,4,300
349,0,0,0,0,0,0,0,0,0,5,1,755
350,0,0,0,0,0,0,0,0,0,4,5,168
351,0,0,0,0,0,0,74,358,18,399,1,961
352,0,0,0,19,10,7,3,19,14,329,3,651
353,0,0,0,0,0,0,0,0,0,0,5,206
354,0,0,99,9,833,520,834,271,66,521,272,354
355,0,0,2,1,22,362,1,162,863,41,6,157
356,0,0,383,45,1492,159,25,1493,191,497,1494,1495
357,0,0,0,0,0,0,0,71,72,246,1053,1054
358,0,0,0,0,0,0,0,0,47,2,1,21
359,0,0,0,0,0,0,0,0,0,0,0,1140
360,0,0,0,0,0,0,43,182,1300,12,688,1301
361,0,0,0,0,0,18,3,291,13,727,10,7
362,0,0,0,0,0,0,13,33,92,296,60,44
363,0,0,0,0,0,0,0,0,0,0,0,7
364,0,0,0,0,0,224,638,8,8,2,1,22
365,0,0,0,0,0,0,0,0,0,47,132,275
366,0,0,0,0,0,0,0,0,0,58,28,14
367,0,0,0,0,0,415,340,1,211,112,100,286
368,0,0,0,0,54,41,574,1100,54,1,280,35
369,0,0,0,0,0,0,58,73,14,30,1613,1614
370,0,0,0,0,0,0,353,450,72,80,1,1312
371,0,0,0,0,0,0,0,0,4,2,4,5
372,0,0,0,0,0,0,524,208,97,153,11,4
373,74,151,180,55,201,647,133,5,272,484,1724,1725
374,0,0,0,0,0,0,0,369,417,5,1,418
375,0,0,0,0,0,469,3,1045,1046,17,280,29
376,0,0,0,0,302,997,59,148,31,70,998,149
377,0,0,0,0,0,0,0,0,0,11,20,89
378,0,0,0,0,0,0,273,162,1018,103,133,5
379,0,0,0,0,0,0,11,61,148,28,4,18
380,0,0,0,0,0,0,0,0,489,421,226,50
381,0,0,0,0,0,0,0,0,0,0,4,8
382,0,0,0,0,0,0,0,0,437,1338,172,326
383,0,0,59,74,393,51,174,53,1490,1491,318,687
384,0,0,0,0,0,0,0,0,1102,166,149,1103
385,1,1330,6,331,702,1331,1332,1333,1334,1335,1336,1337
386,0,0,0,0,0,0,0,0,131,9,3,112
387,0,0,0,0,0,0,0,0,0,131,144,1276
388,0,0,0,0,0,0,0,132,1426,1427,1,21
389,0,0,0,0,0,0,0,0,183,148,485,1731
390,0,0,0,0,0,0,0,0,78,1,107,80
391,0,0,49,1281,685,557,360,20,169,120,17,29
392,0,0,0,0,0,0,0,0,0,13,92,523
393,0,0,0,0,0,0,0,0,292,94,314,561
394,0,0,0,0,425,41,240,388,41,207,262,48
395,0,0,0,0,0,0,0,0,140,76,107,689
396,0,0,0,6,378,284,4,91,113,378,894,895
397,0,0,0,0,0,0,0,0,173,12,1279,14
398,0,0,0,0,0,0,0,0,0,1,661,492
399,0,0,0,0,0,0,0,0,0,0,1318,1319
400,0,0,0,0,0,0,0,0,1422,58,14,153
401,0,0,1,211,1194,1195,289,667,1,1196,1197,1198
402,0,0,0,0,0,0,0,0,0,0,0,700
403,0,0,0,0,0,0,0,0,0,0,42,7
404,0,0,0,0,0,0,0,12,77,167,45,279
405,0,0,1288,1289,1290,47,372,1291,2,1,32,470
406,16,633,540,1477,239,341,140,1478,1479,86,1,410
407,0,0,0,0,128,352,25,825,1,166,826,827
408,0,0,0,0,0,0,0,0,0,0,6,471
409,0,0,0,1038,173,1039,199,2,1,134,22,8
410,0,0,0,0,0,448,155,1641,36,48,736,27
411,0,0,0,0,0,0,0,0,0,22,134,7
412,0,93,859,163,220,860,342,1,161,108,50,22
413,0,0,0,0,0,0,0,0,0,179,35,1
414,0,0,0,0,0,0,0,0,32,66,41,63
415,0,0,0,0,0,0,0,3,64,73,64,15
416,0,1,385,556,289,121,84,165,161,60,60,915
417,0,0,0,0,0,0,0,0,170,413,335,302
418,0,0,0,0,0,0,0,0,0,0,732,171
419,66,130,457,129,2,1372,664,42,148,31,66,66
420,0,0,0,0,0,0,0,0,0,0,488,168
421,0,0,0,0,285,151,31,184,233,152,10,246
422,0,0,0,0,268,352,537,31,866,2,867,367
423,0,0,0,0,0,0,0,0,5,1,229,85
424,0,0,0,0,0,3,81,61,293,1608,394,623
425,0,0,11,251,1347,1348,1349,34,436,124,12,101
426,0,0,0,48,110,344,86,810,503,1,345,163
427,0,0,0,0,0,0,0,163,654,5,1,655
428,0,0,0,0,0,0,0,0,0,153,9,565
429,0,0,0,0,0,0,0,128,7,198,41,1134
430,0,0,0,0,0,0,0,0,0,6,3,30
431,0,0,0,0,0,0,0,0,0,0,1278,35
432,0,0,0,0,157,822,823,135,824,72,511,351
433,0,0,0,0,0,0,472,1,17,34,332,2
434,0,0,0,0,0,0,0,0,0,0,27,3
435,0,0,0,0,0,60,13,577,1032,236,40,305
436,0,0,0,0,0,0,0,0,2,1,11,1064
437,0,0,0,0,0,0,0,0,0,0,33,7
438,0,0,0,0,0,0,59,642,1,165,2,22
439,0,0,0,0,0,0,0,0,0,886,887,103
440,0,0,0,0,0,48,87,693,694,316,212,1315
441,0,0,0,973,143,1,49,194,8,572,974,3
442,0,0,0,0,0,0,0,0,0,2,1,1210
443,0,0,0,0,0,0,0,0,0,5,1574,12
444,0,0,0,0,65,956,957,238,506,1,16,294
445,0,0,41,2,821,19,508,349,509,215,1,350
446,0,0,0,0,0,0,0,0,61,97,10,800
447,0,0,0,0,0,0,0,0,554,6,64,914
448,0,0,0,0,0,0,0,0,85,461,34,1698
449,0,0,0,0,0,0,0,1,229,1343,24,214
450,0,0,6,3,304,135,567,1008,592,259,1009,1010
451,0,0,0,0,0,0,0,0,0,0,106,5
452,0,0,0,0,0,0,2,1,6,59,1464,244
453,0,0,0,0,26,260,31,496,267,184,803,63
454,0,0,0,0,0,0,0,0,0,1,1618,100
455,0,0,0,0,0,0,419,649,104,102,32,674
456,0,0,0,1637,1638,51,109,134,1639,67,1640,606
457,0,0,0,0,0,0,0,52,30,1551,121,1552
458,0,0,0,0,0,1040,1041,611,360,1,1042,35
459,42,193,3,199,1546,735,3,735,592,1547,194,80
460,0,127,733,279,732,1747,13,248,94,116,99,15
461,0,0,0,0,0,0,0,0,5,943,112,944
462,0,0,0,0,0,105,18,114,14,10,1159,9
463,0,0,0,0,0,0,0,0,0,142,1135,191
464,0,0,0,0,0,0,0,0,478,1462,719,366
465,0,0,0,0,0,0,0,518,270,1302,21,44
466,0,0,0,0,0,0,0,13,232,3,713,1757
467,0,0,0,0,0,1,1257,1258,566,548,4,477
468,0,0,0,0,0,0,0,0,0,692,50,22
469,0,0,0,0,0,0,0,0,0,0,303,244
470,0,0,0,0,0,0,0,0,0,0,3,53
471,578,172,209,987,145,233,578,405,579,988,273,196
472,294,1151,1152,166,1153,1154,136,9,1155,1156,1157,1158
473,0,0,0,48,296,238,283,132,184,568,136,962
474,0,0,0,0,0,0,0,0,5,1,106,300
475,0,0,0,0,0,0,5,1,1137,33,92,1138
476,0,0,0,0,0,0,0,0,0,0,0,665
477,0,20,901,902,382,70,9,1,192,550,903,2
478,0,0,0,0,0,0,131,1,144,13,10,7
479,1377,40,2,371,1378,1379,6,459,84,1380,31,30
480,0,0,27,3,189,117,61,293,394,395,955,68
481,0,0,0,0,0,0,0,35,65,441,288,1394
482,0,0,0,0,0,0,0,0,12,180,167,173
483,0,0,0,89,1,6,685,1403,1404,536,1405,1406
484,0,0,0,39,47,3,355,351,21,1,359,35
485,0,0,0,0,0,0,0,0,0,115,138,152
486,0,0,0,0,0,429,1,16,11,4,24,315
487,0,0,0,0,0,0,0,0,0,0,1,4
488,0,0,0,0,6,43,6,96,6,220,21,132
489,0,0,0,0,0,0,0,55,2,68,325,395
490,0,0,0,0,0,0,92,405,649,354,650,1139
491,0,0,0,0,0,0,0,0,24,431,13,47
492,0,0,0,0,0,0,0,0,0,58,2,5
493,0,0,0,0,0,0,0,0,124,93,261,982
494,0,0,0,0,0,0,0,0,3,151,286,56
495,0,368,39,369,205,869,3,870,28,1,116,219
496,0,0,0,0,0,0,0,0,78,1,62,22
497,0,0,0,0,0,0,0,0,0,0,453,281
498,0,0,0,0,0,0,0,155,10,98,1,1384
499,0,0,0,0,0,0,0,75,51,1,6,45
500,203,60,192,1630,60,741,8,41,1631,289,100,715
501,0,0,0,0,0,0,1346,16,69,446,534,609
502,0,16,65,926,927,48,928,292,339,391,236,69
503,0,0,0,0,0,36,50,455,208,9,1507,1508
504,0,0,0,0,0,93,707,44,1455,712,711,44
505,0,0,0,0,0,0,0,0,0,11,251,137
506,0,0,0,0,0,0,0,0,1,9,777,486
507,0,0,0,0,75,1,105,58,634,23,1,408
508,0,0,0,0,0,0,0,1,49,8,66,88
509,0,0,0,0,0,0,0,0,0,0,227,198
510,0,65,1626,250,1,156,153,9,1627,250,337,1628
511,0,0,2,38,76,186,587,410,58,1001,1002,114
512,0,0,0,0,0,0,0,0,0,1732,10,7
513,213,1,1248,1249,182,678,679,678,679,33,69,62
514,0,0,0,0,0,0,0,0,0,105,7,366
515,0,0,0,1518,1519,1520,9,670,313,215,1521,1522
516,0,0,0,0,0,0,0,0,1743,230,726,98
517,0,0,0,0,0,0,1729,180,24,326,1730,305
518,0,0,0,0,36,296,1214,671,36,100,14,224
519,0,0,0,0,0,0,0,0,0,33,95,673
520,0,0,0,0,0,0,0,0,0,0,1265,1266
521,0,0,0,0,0,0,0,0,0,0,104,104
522,0,0,0,0,0,0,160,278,17,548,380,31
523,0,0,0,0,0,0,0,0,0,0,846,527
524,0,0,0,0,0,155,757,758,759,36,760,474
525,0,0,0,0,0,0,0,0,0,0,90,85
526,0,0,0,0,0,45,55,3,13,39,443,447
527,0,0,0,0,0,71,734,1,1665,9,1666,1667
528,0,0,0,0,0,0,1049,180,1050,100,324,68
529,7,4,1079,1080,628,249,629,179,1081,7,217,56
530,0,0,0,0,0,0,0,0,0,1033,1034,68
531,0,12,5,2,14,1576,37,1,4,17,46,121
532,0,0,0,0,0,0,0,0,0,5,1,79
533,0,0,0,0,0,0,42,143,113,67,53,81
534,0,0,33,95,885,373,282,374,228,88,8,23
535,0,0,0,0,0,0,0,0,0,1,105,565
536,0,0,9,11,849,271,276,850,851,852,521,271
537,0,0,0,104,129,1,101,52,192,8,57,240
538,0,0,0,0,0,0,0,0,38,2,257,799
539,0,0,0,0,0,0,124,187,16,38,256,1480
540,0,0,0,0,0,0,0,0,0,13,10,7
541,0,0,0,0,0,0,0,0,0,105,99,7
542,0,0,0,0,0,0,0,0,0,13,92,3
543,0,0,0,0,0,0,0,0,0,44,75,4
544,0,0,0,0,1208,43,1,163,345,6,1209,68
545,0,0,0,0,0,0,2,1,103,5,1,4
546,0,0,0,0,0,0,0,667,1363,1364,180,21
547,0,0,439,625,239,1,428,706,1649,1650,398,474
548,0,0,0,0,0,122,1513,241,677,250,134,40
549,0,0,0,0,19,183,853,854,19,14,855,856
550,0,0,0,0,0,1701,283,86,1,87,314,744
551,0,0,0,0,16,26,7,168,31,1324,103,5
552,0,0,0,0,0,0,1660,1661,1662,584,43,1663
553,0,0,0,0,0,0,0,0,0,0,190,2
554,0,0,0,0,0,0,0,0,0,24,81,3
555,0,0,0,0,0,0,0,1,49,23,77,676
556,0,43,1,21,1432,1433,1434,1,12,213,715,14
557,0,0,0,0,216,108,672,4,1415,1416,654,306
558,0,0,0,0,0,0,0,0,0,78,1,538
559,0,0,0,0,0,0,0,0,0,0,0,1657
560,0,0,0,0,0,0,0,0,0,0,232,265
561,0,0,0,0,0,0,0,0,109,1,4,300
562,0,3,1242,1243,23,1244,1245,433,1246,639,218,1247
563,0,0,0,0,0,0,0,0,0,0,5,1052
564,0,0,0,0,0,0,612,47,76,4,71,3
565,0,0,0,0,0,0,0,0,3,9,1106,57
566,0,0,0,0,0,0,0,0,0,438,227,8
567,0,0,36,1,1463,516,107,83,209,336,36,164
568,0,0,0,0,0,0,0,4,5,120,490,541
569,0,0,0,0,0,0,0,0,0,0,184,1169
570,0,0,0,0,0,420,421,226,182,621,247,1062
571,0,0,2,1,256,644,171,704,242,37,254,31
572,0,0,0,0,0,0,0,0,72,861,79,862
573,0,0,0,0,0,65,347,128,32,44,102,32
574,0,0,0,0,0,0,0,0,0,195,95,45
575,0,0,0,0,0,0,0,0,0,0,0,228
576,0,0,212,499,500,501,23,134,343,807,502,15
577,0,0,0,0,0,0,0,0,0,169,1,294
578,0,0,0,0,0,1501,140,1,107,725,1502,250
579,0,0,0,0,0,0,0,0,124,9,1365,535
580,0,0,0,0,0,0,0,0,166,1028,1029,137
581,0,0,0,0,0,0,0,6,89,17,245,5
582,0,0,0,0,0,0,0,0,0,5,1,512
583,0,0,65,217,720,253,50,42,8,1461,35,78
584,0,0,0,0,0,0,0,0,0,0,995,996
585,0,0,0,0,0,0,0,0,0,0,10,7
586,1673,275,1674,1675,174,1676,1,1677,714,1678,221,31
587,0,0,0,0,16,484,9,54,83,111,485,157
588,0,0,0,0,0,0,0,0,5,225,1,4
589,74,1,292,52,105,1063,119,146,622,1,105,130
590,0,0,0,0,0,0,0,0,0,12,101,77
591,0,0,0,0,0,0,0,0,729,1,85,5
592,0,0,0,0,0,0,0,213,1,62,416,159
593,1,1385,1386,246,73,118,64,6,5,245,2,655
594,0,0,0,0,0,0,0,0,422,1,1328,322
595,0,0,0,0,0,0,0,0,0,0,93,3
596,11,127,963,1,964,12,122,400,569,965,291,966
597,0,0,0,0,0,0,0,0,0,0,363,107
598,0,0,0,0,0,0,0,0,0,2,1,106
599,0,0,0,0,0,0,1305,1306,1,376,276,62
600,0,0,0,0,0,0,0,0,0,0,864,4
601,0,0,0,0,0,691,690,28,1313,309,1,4
602,0,0,0,0,0,0,0,0,399,1,626,1277
603,0,0,0,0,0,0,0,0,5,1,116,395
604,0,0,0,0,19,14,10,7,436,119,114,648
605,0,0,0,0,0,0,0,0,0,144,1664,2
606,0,0,0,0,0,44,1,4,606,86,1,82
607,0,0,0,0,0,0,202,126,445,445,1563,192
608,0,0,127,255,1484,1,255,76,1485,70,1486,3
609,0,0,0,0,0,615,1055,1056,1057,267,35,3
610,0,0,0,0,0,0,610,738,11,248,57,2
611,0,0,0,0,0,367,197,16,598,1,1020,125
612,0,0,0,0,0,0,0,0,0,1043,1044,410
613,0,0,0,0,18,63,225,2,1,323,95,66
614,0,0,0,0,939,940,80,941,193,942,10,7
615,0,0,0,0,0,0,0,0,29,6,169,6
616,0,0,0,0,0,11,92,3,10,246,1310,3
617,0,0,0,0,791,493,37,1,162,792,6,5
618,0,0,686,28,1,520,55,10,1764,73,88,8
619,0,0,0,0,0,0,448,237,118,661,624,28
620,0,0,0,0,0,0,0,0,0,1383,553,231
621,0,0,0,0,0,0,0,0,0,5,16,478
622,0,0,0,51,59,904,2,64,42,5,229,85
623,0,0,0,0,0,0,0,721,1,1470,1471,721
624,0,0,0,0,0,0,0,0,0,506,816,22
625,0,0,0,0,0,0,0,0,0,0,3,6
626,0,0,0,0,0,0,3,95,8,330,765,23
627,0,0,0,0,0,0,0,0,0,81,5,2
628,0,0,0,37,72,7,1317,386,8,34,39,696
629,0,0,0,0,0,0,0,0,0,58,223,14
630,0,0,0,0,0,0,139,1129,1130,1131,551,645
631,0,0,0,0,0,0,2,295,351,295,52,958
632,49,8,14,26,21,28,84,179,114,81,342,1
633,0,131,55,13,145,1030,3,46,604,605,1031,147
634,0,0,0,0,0,0,0,54,4,208,163,110
635,0,0,0,0,0,0,504,811,1,504,812,214
636,0,0,0,0,0,0,0,0,0,2,1,4
637,0,0,0,0,27,150,244,18,200,1621,431,1622
638,0,0,0,0,0,0,0,145,243,174,1200,263
639,0,0,0,135,1,19,379,46,11,6,51,898
640,0,0,0,0,0,71,9,1,796,797,132,798
641,0,0,0,0,0,0,0,0,0,5,204,17
642,0,0,0,0,0,0,0,0,0,0,4,45
643,0,0,0,0,0,0,0,0,0,983,984,22
644,0,0,0,0,2,1,4,5,1,4,45,4
645,0,0,0,0,1444,2,1,33,684,45,287,248
646,876,53,43,12,58,3,141,1,12,43,14,224
647,0,0,0,0,0,0,0,0,0,5,17,972
648,0,0,0,0,0,0,1,197,125,76,68,38
649,0,0,0,0,0,0,0,0,0,0,232,922
650,0,0,0,0,0,0,1065,1066,19,196,102,1067
651,0,0,0,508,4,71,3,968,113,299,52,969
652,0,0,0,0,0,0,0,0,0,0,0,228
653,0,0,0,0,0,0,11,166,1668,299,28,57
654,141,453,210,320,61,210,371,1,1735,1736,494,118
655,0,0,0,0,0,0,0,0,78,1,4,82
656,0,0,0,0,0,992,993,42,243,301,584,91
657,0,0,0,0,0,0,0,0,0,6,44,48
658,0,0,0,4,96,29,1,1111,426,1112,222,641
659,0,0,0,0,0,0,0,0,0,0,43,329
660,0,0,0,0,0,0,0,0,0,3,595,1564
661,0,0,0,0,0,0,0,0,0,0,1,81
662,0,0,0,0,0,0,0,0,0,0,115,286
663,0,0,0,0,0,0,0,0,0,1,298,25
664,0,0,0,0,0,3,1,705,120,2,656,95
665,0,0,0,0,0,0,0,681,55,7,255,8
666,0,0,0,0,0,0,0,0,0,58,1299,14
667,0,0,0,0,0,0,847,1,848,219,139,28
668,118,172,6,719,135,51,12,636,637,44,446,1457
669,0,0,0,0,0,0,0,1361,126,2,252,123
670,0,0,0,0,0,37,6,307,1121,315,1122,63
671,0,0,0,0,113,8,30,196,1679,1680,663,1681
672,0,0,0,0,0,0,0,109,1,94,85,5
673,0,0,0,0,0,0,0,0,29,16,17,1327
674,0,0,0,0,0,0,0,0,0,132,116,1309
675,0,0,0,0,0,0,0,0,41,2,1669,77
676,0,0,0,0,0,0,0,247,269,1,322,60
677,0,0,0,0,0,1560,1561,1,62,403,1562,575
678,0,0,0,174,1175,436,78,1,62,20,325,69
679,0,0,0,0,0,0,0,0,0,1509,1,21
680,0,0,0,0,0,0,0,5,1,181,1506,20
681,0,0,0,1719,1720,1721,10,209,1722,354,717,1723
682,0,0,0,0,0,0,0,0,0,0,468,4
683,0,0,0,0,0,0,1488,51,1489,112,318,101
684,0,0,0,165,1496,692,363,46,70,156,1497,164
685,0,0,0,0,0,0,0,52,328,768,769,331
686,0,0,0,0,0,0,0,91,7,113,8,23
687,0,0,0,0,0,0,0,0,0,0,0,103
688,0,0,0,0,0,0,3,154,1558,613,11,154
689,0,0,0,0,598,487,24,1695,230,24,1696,30
690,0,0,0,0,0,0,0,77,1651,1,173,1652
691,0,0,0,0,0,0,89,945,560,946,471,947
692,0,0,0,0,0,0,0,0,0,0,727,251
693,0,0,0,0,0,39,57,1022,73,3,72,23
694,0,0,0,0,0,0,0,0,109,1,216,1269
695,0,0,0,0,0,0,0,0,0,0,659,7
696,0,0,0,0,0,0,0,0,0,0,129,170
697,0,0,0,0,0,0,0,0,0,86,1,214
698,0,194,80,1,348,8,139,1,152,563,10,7
699,0,0,0,0,0,0,0,0,0,2,1,22
700,0,0,0,0,0,0,0,297,364,967,333,486
701,0,0,0,0,0,0,0,0,12,1221,672,1222
702,0,0,0,0,1605,48,97,78,155,25,1606,1607
703,0,0,0,0,0,0,0,0,0,751,69,62
704,0,0,127,74,132,34,176,1293,10,1294,1295,527
705,0,0,0,0,0,0,9,1021,141,287,30,3
706,0,0,0,0,0,5,1,1083,2,1,4,193
707,0,0,0,0,0,0,0,0,0,3,434,40
708,0,0,0,0,0,0,0,0,0,1263,684,67
709,0,0,0,0,0,0,0,0,0,0,710,676
710,0,19,87,2,1577,285,1578,1579,709,39,725,68
711,0,0,0,0,0,0,412,1282,1283,51,74,35
712,0,0,0,0,0,0,0,0,0,241,274,79
713,0,0,45,249,68,117,86,240,46,1428,1429,594
714,412,124,626,1075,3,1,627,579,1076,1077,1078,513
715,728,1587,142,133,5,114,307,20,1588,1589,50,1590
716,0,0,0,0,0,1526,1527,25,81,730,1528,1529
717,0,96,338,48,338,339,1,82,340,341,1,801
718,19,979,13,577,127,96,259,576,1,980,1,981
719,0,0,0,0,0,0,0,0,0,0,227,8
720,0,0,0,0,0,0,0,0,0,1,56,247
721,0,0,0,0,0,0,51,39,4,481,52,1259
722,0,0,0,0,0,0,13,91,7,73,1124,23
723,0,22,891,546,4,75,283,377,222,892,893,34
724,0,0,0,0,0,44,153,217,177,350,4,56
725,0,0,0,0,0,0,6,3,1395,81,54,111
726,0,0,0,202,559,8,123,662,32,411,84,2
727,0,0,0,0,0,0,0,0,0,0,212,3
728,0,203,638,8,220,458,8,1375,72,1376,41,18
729,0,0,0,0,0,0,0,0,0,1388,1389,4
730,0,0,0,0,0,931,932,933,50,934,549,365
731,0,0,0,0,0,0,96,360,529,11,4,2
732,0,0,0,0,0,0,0,0,0,0,6,174
733,0,0,0,0,0,0,1472,1473,36,1,16,82
734,0,0,0,0,0,135,128,306,32,91,18,412
735,0,0,0,0,0,0,0,0,0,0,79,5
736,0,0,0,0,0,146,465,11,4,465,1,62
737,0,0,0,0,0,456,11,25,1453,215,146,106
738,0,0,0,0,0,32,242,48,496,99,8,123
739,0,0,0,0,0,0,0,15,59,233,19,66
740,0,1024,602,414,5,415,1025,1026,1027,243,42,7
741,0,0,0,0,0,0,170,4,44,1186,1187,1188
742,0,0,0,0,0,0,0,96,167,33,117,189
743,0,0,0,0,0,0,0,913,26,48,1,384
744,0,0,0,0,0,0,267,381,98,35,2,5
745,589,41,590,1003,1,1004,1005,591,1006,1007,84,206
746,0,0,0,0,0,0,0,0,0,0,729,99
747,0,0,0,0,0,0,0,0,0,24,1525,28
748,0,0,0,0,0,0,0,0,0,0,1,1559
749,0,0,0,0,0,0,0,0,0,0,0,55
750,0,0,0,0,0,0,0,450,125,13,1391,460
751,0,0,0,0,0,55,260,7,1230,252,123,2
752,0,0,0,0,0,0,0,0,0,159,1,211
753,0,0,0,0,0,0,0,0,618,143,713,1412
754,0,0,0,0,0,0,0,0,1162,90,126,1163
755,0,0,0,0,0,0,0,0,0,27,10,7
756,0,0,0,0,0,0,0,0,0,0,17,29
757,0,0,0,0,0,0,0,0,0,0,33,123
758,0,0,0,0,0,0,0,0,0,0,19,91
759,1,49,69,1167,1168,122,400,179,1,14,225,305
760,0,0,0,0,0,0,0,433,517,2,1123,2
761,0,0,0,0,0,268,55,505,346,813,814,32
762,0,0,1544,1545,462,653,381,121,353,1,207,80
763,0,0,0,0,1016,1017,201,596,127,10,7,138
764,0,0,0,0,0,0,0,0,0,0,90,148
765,0,0,0,0,61,66,190,2,1688,106,5,3
766,0,0,0,0,0,0,0,0,416,159,6,69
767,0,0,0,0,0,0,0,0,0,0,20,169
768,0,0,0,0,0,0,0,0,73,373,3,10
769,88,63,1,315,1177,572,1178,1179,1180,316,1181,1182
770,0,0,0,0,0,0,195,175,15,370,139,265
771,0,0,0,0,0,673,444,357,147,37,106,307
772,40,1060,420,90,1,620,8,137,614,54,1061,193
773,0,0,0,0,0,0,90,419,282,52,619,22
774,0,0,0,0,0,0,0,0,0,18,57,77
775,0,0,0,0,1,761,1,24,127,1,475,476
776,0,0,0,0,0,0,0,0,0,135,1653,114
777,0,0,0,0,0,0,0,0,0,0,1,106
778,0,0,0,0,1400,712,1401,1402,16,24,266,23
779,0,0,0,0,0,0,3,53,112,710,1392,1393
780,0,0,0,0,0,0,0,0,0,0,367,90
781,0,0,0,0,0,0,0,164,11,136,20,120
782,0,0,0,0,0,0,0,0,1505,235,619,4
783,0,10,173,119,3,19,634,15,529,241,101,424
784,0,0,0,0,0,0,9,1199,599,70,9,118
785,9,4,204,3,780,262,488,781,2,489,205,263
786,0,0,0,0,37,1,177,20,380,31,119,8
787,0,0,0,0,0,0,0,0,0,0,0,7
788,0,0,96,375,975,573,976,574,575,403,977,978
789,0,0,0,12,1373,142,708,133,5,709,253,191
790,0,0,0,0,0,0,0,0,0,0,466,5
791,0,0,0,0,0,0,0,338,339,1,603,413
792,704,705,245,473,242,32,3,74,102,32,2,358
793,0,0,0,0,0,2,82,47,222,1515,1516,464
794,0,0,0,0,0,0,0,170,1634,122,1635,1636
795,0,0,0,0,0,0,0,0,19,14,10,7
796,0,0,0,0,0,0,1553,1554,607,12,71,65
797,0,0,0,0,0,0,0,0,15,89,1,1037
798,0,0,0,0,0,0,0,0,0,34,1308,110
799,0,0,0,0,0,0,666,15,150,14,91,1192
